{"name":"Outro","description":"Back on the rooftops, it's time to meet up with Charlie...","preview":"preview.png","next":null,"startChase":true,"startChunk":0,"storyItems":[["Charlie: I prepared everything for your return.\nI actually got to talk to some of the remaining rioters. I told them about your plan and they are very excited by your idea!","You: Wow, that's great news, dear! I'm already on my way back and got a lot of stuff to share.\nAnd I know where to get more, too.","Charlie: I was surprised by how easy it was to get people on our side. It seems rampaging makes you itchy for manual labour.","You: Nice! I'll be here in a minute!\nHave you heard anything new from the drones?","Charlie: Not since they threw the flyers around. Maybe they gave up.","You: Then there's nothing stopping us from getting our hands dirty!","Charlie: I trust you to, parkour lady!"],["Charlie: Mom?\n... Mom, are you there?\nWhat's taking you so long? We're all waiting for you.\nI heard those sirens and I tried not to worry, but you still haven't arrived!\nAre you hiding?\nDid they already find you, is that what happened?\nAre you even able to hear me?!\nOh man, I knew this wasn't a good idea!\nWe're all gonna die and I'll die first because I can't even cook a damn pie!\nAnd what about the kids? I can't take care of all of them on my own!","You: Don't worry, Charlie. I'm still here.","Charlie: Mom! Why didn't you answer me earlier? I thought you died or something!","You: Oh dear, you're clearly coming after your father and not me.\nListen, some things just got more complicated. I'll tell you later when we meet in person.","Charlie: This sounds... bad.","You: Everything will be fine with or without electronics. Just trust me.","Charlie: I do. We all do."]],"chunks":[{"name":"LastCall","position":[-1888,288],"layers":["chunks/LastCall-0.png","chunks/LastCall-1.png","chunks/LastCall-2.png","chunks/LastCall-3.png","chunks/LastCall-4.png"],"tileset":"tilesheet-rooftops","outside":false,"storyItems":[[""]],"background":"cityscape"},{"name":"Chase","position":[192,368],"layers":["chunks/Chase-0.png","chunks/Chase-1.png","chunks/Chase-2.png","chunks/Chase-3.png","chunks/Chase-4.png"],"tileset":"tilesheet-rooftops","outside":false,"storyItems":[[""]],"background":"cityscape"},{"name":"End","position":[1552,-1712],"layers":["chunks/End-0.png","chunks/End-1.png","chunks/End-2.png","chunks/End-3.png","chunks/End-4.png"],"tileset":"tilesheet-rooftops","outside":false,"storyItems":[[""]],"background":"cityscape"}]}