{"name":"Factory","description":"A big facility! What could they have stashed away here?","preview":"preview.png","next":"Outro","startChase":false,"startChunk":0,"storyItems":[["Charlie: You're there?","You: Yes!\nAll of humanity's knowledge should be stored somewhere in this facility. I can't wait to get my fingers on it!","Charlie: Stay safe, mom. I can't hear anyone outside on the streets anymore. This can only mean two things: either the riots stopped and everyone went home\n... or the security drones cleared everyone out.","You: I suppose the latter. There were a lot of drones in the office and I can already hear them in here. They don't want us to get our independence back!","Charlie: You can do this. I believe in you!"],["Charlie: Mom, I think you need to hurry up! Some of the security robots just spewed flyers all over. I actually went outside for a moment to get one.","You: What does it say?","Charlie: I'm not sure. They want us to keep calm while they isolate any 'remaining threats'.","You: ... Does that refer to me?\nI'm almost finished here. I think I have an idea on where they keep their old-world information now.","Charlie: How are you planning on transporting all those books? I suppose they're quite heavy.","You: That's my little secret, Charlie. Don't even think about it."]],"chunks":[{"name":"entry","position":[-1184,-368],"layers":["chunks/entry-0.png","chunks/entry-1.png","chunks/entry-2.png","chunks/entry-3.png","chunks/entry-4.png"],"tileset":"Factory_Tilesheet-sheet","outside":false,"storyItems":[[""]],"background":""},{"name":"restarea","position":[-464,-320],"layers":["chunks/restarea-0.png","chunks/restarea-1.png","chunks/restarea-2.png","chunks/restarea-3.png","chunks/restarea-4.png"],"tileset":"Factory_Tilesheet-sheet","outside":false,"storyItems":[["You: I'm making good progress finding stuff. These poor books are just lying around everywhere, ripe for the picking!","Charlie: Do you really think people will want to return to manual labour?","You: Oh they can also choose to keep rioting, and wait for a tech god to descend and save them all from shitting themselves.\nWe and the kids however are going to create our own milk and cheese next summer!\nWell, if we manage to find a cow."]],"background":""},{"name":"towerA","position":[336,32],"layers":["chunks/towerA-0.png","chunks/towerA-1.png","chunks/towerA-2.png","chunks/towerA-3.png","chunks/towerA-4.png"],"tileset":"Factory_Tilesheet-sheet","outside":false,"storyItems":[["You: Today's your lucky day, kid! I found a book all about pies!","Charlie: Finally!","You: First you'll need to prepare dough-","Charlie: What's a dough?","You: Oh dear.\nLook, let's just do this when I get back, Ok?","Charlie: We're waiting!\nFor the pie.\nAnd for you, of course."]],"background":""},{"name":"centralT","position":[976,128],"layers":["chunks/centralT-0.png","chunks/centralT-1.png","chunks/centralT-2.png","chunks/centralT-3.png","chunks/centralT-4.png"],"tileset":"Factory_Tilesheet-sheet","outside":false,"storyItems":[[""]],"background":""},{"name":"towerB","position":[1616,176],"layers":["chunks/towerB-0.png","chunks/towerB-1.png","chunks/towerB-2.png","chunks/towerB-3.png","chunks/towerB-4.png"],"tileset":"Factory_Tilesheet-sheet","outside":false,"storyItems":[["You: You know, I'm all for creativity but some books aren't as useful as I expected.","Charlie: I'm not against light fiction! That's what they used to have back then, right? Fictional stories in books for entertainment?","You: Yes, but this isn't for entertainment. It's a book about games programming. I'm not sure how you'd make any use of this without relying on machines!","Charlie: That sounds pretty useless indeed. Maybe you should stop looking for individual books and go straight for that big library!","Charlie: No, I have to gather as much knowledge I can, or you'll poison yourself and the kids while trying to make that pie!\nDon't worry, this won't take long."],["You: Oh, today's my lucky day! While I did work as a sports teacher as a hobby, I never knew about extreme sports!","Charlie: Wait, what kind of extreme sport?","You: Listen to this: people used to climb using only a rope, and secured themselves by hammering nails into the walls while climbing!","Charlie: This.. this sounds crazy!","You: It is, dear. Living without relying on machines is very risky. But you know what they used to say?","Charlie: I'm scared to ask.","You: No risk, no fun!","Charlie: ... We will all tragically die to our own stupidity."]],"background":""},{"name":"exit","position":[2416,208],"layers":["chunks/exit-0.png","chunks/exit-1.png","chunks/exit-2.png","chunks/exit-3.png","chunks/exit-4.png"],"tileset":"Factory_Tilesheet-sheet","outside":false,"storyItems":[[""]],"background":""},{"name":"centralB","position":[976,-368],"layers":["chunks/centralB-0.png","chunks/centralB-1.png","chunks/centralB-2.png","chunks/centralB-3.png","chunks/centralB-4.png"],"tileset":"Factory_Tilesheet-sheet","outside":false,"storyItems":[[""]],"background":""}]}