{"name":"Intro","description":"After the sudden Big Drought rid the city of energy, people start to get nervous...","preview":"preview.png","next":"Office","startChase":false,"startChunk":0,"storyItems":[["You: Hello? Is that you, Charlie?","Charlie: Mom! Good grief, you're fine! Where are you right now?","You: Oh, just hanging out on the city's rooftops. The raids got pretty intense, so I had to make a quick escape.","Charlie: You and your old-school parkour habits!\n... Just try to be careful up there, and walk slowly!","You: Thanks, but I'd rather be running."],["Charlie: Mom, please stop doing sports and come back to help me.","You: What's the matter, dear?\nBy the way, I thought you hated the solar walkie-talkie I gave to you.\nYou even called it 'old school'.","Charlie: What else am I supposed to do? The Big Drought has been going on for three days and all phones are dead! Everything's out of power!","You: You know, when I was a kid and visiting my auntie in the alps, our phones would always lose connection.","Charlie: Mom.","You: So we'd make use of a very obscure technique called 'going outside and meeting the people face to face'. It's not that hard.","Charlie: Mom! We don't have any food left and the store's been raided! How am I even supposed to make a sandwich without our sandwich-maker?","You: I'll have to think about that for a moment. Call me again after I jump this building!","Charlie: Mom!!!"],["Charlie: So... got an idea on how to survive without all our machines? While the people are raging on the streets, getting frustrated and violent? Without any food service left?","You: I, uhm...\nI sadly have to admit that I also forgot most manual tasks our ancestors used to do.\nCharlie, it's been so long since the machines and big corporations took over.","Charlie: ... Mom.","You: In my early days we all thought AIs would become sentient and destroy us, but now look at us!\nOne day everyone is sitting on their lazy asses while the electronics do everything, and the next most of the city is out of power and everyone goes into a frenzy!\nDoes anyone even remember how to take a shit anymore without AI help?","Charlie: Mom, please. I found some edible apples but the children won't eat them raw.\nHow do I make a pie?","You: You can-\nWait, I think I see a security drone up here! How is it still working when the power is gone?","Charlie: I suppose the facilities have some secret emergency power supply. Probably to send the robots to take care of the rioters.\nWait, they're up there with you? Be careful, it could be dangerous!","You: No fear, kid. Your mom has kept fit for a reason! I'll just outrun that heap of trash.","Charlie: ... Please be careful."],["Charlie: Did you get around the drone?","You: The damn thing almost got me! It looks like it's attracted to sound. I'll have to be more sneaky.","Charlie: Oh no, I'm sorry! It's probably because of my calls! I'll stay quiet for now!","You: Hush, it's not your fault. This is actually pretty convenient. I just got a very effective idea on how to solve our drought problem.","Charlie: What do you mean?","You: My auntie used to have a lot of old books. Books about cooking and crafting, even some about medicine and the like.\nI remember how the corporations took them away. They took our knowledge, to make us dependent on their products!\nThey should still have these old books stored away somewhere.","Charlie: Please don't try to get them back!\nThe facilities are probably dangerous with the security drones running around!\nWith the Big Drought happening they probably feel attacked and see us as their enemy!\n... I wish I could still tell my computer how much I love it.","You: You'll have to start using your own brain soon, dear.\nWith all the office workers gone due to the riots, now is the perfect time to sneak into one of these buildings and find some information!"]],"chunks":[{"name":"JumpnClimb","position":[-1584,-288],"layers":["chunks/JumpnClimb-0.png","chunks/JumpnClimb-1.png","chunks/JumpnClimb-2.png","chunks/JumpnClimb-3.png","chunks/JumpnClimb-4.png"],"tileset":"tilesheet-rooftops","outside":false,"storyItems":[[""]],"background":"cityscape"},{"name":"FirstEnemy","position":[736,-288],"layers":["chunks/FirstEnemy-0.png","chunks/FirstEnemy-1.png","chunks/FirstEnemy-2.png","chunks/FirstEnemy-3.png","chunks/FirstEnemy-4.png"],"tileset":"tilesheet-rooftops","outside":false,"storyItems":[[""]],"background":"cityscape"},{"name":"DoorCrash","position":[2416,-320],"layers":["chunks/DoorCrash-0.png","chunks/DoorCrash-1.png","chunks/DoorCrash-2.png","chunks/DoorCrash-3.png","chunks/DoorCrash-4.png"],"tileset":"tilesheet-interior-modern","outside":false,"storyItems":[[""]],"background":"cityscape"}]}