{"name":"Office","description":"Breaking into the office to search for some information","preview":"preview.png","next":"Factory","startChase":false,"startChunk":0,"storyItems":[["Charlie: You didn't really break in somewhere, did you?","You: Sure did!\nThis is only an office though, so I doubt I'll find a lot here.\nHopefully I can find a lead on where they keep most of their stuff though!","Charlie: Just try to not get detected. If there's power in that building they will have some form of security.","You: I'll call you later with some results, Charlie.","Charlie: Good luck, mom."],["Charlie: I'm sorry for calling you again, Mom. I'm just too worried! And I'm not so sure about this anymore.\nMaybe the riots will stop and the Big Drought just.. ends after some more days?\nEverything will be fine, right?","You: I'm not so sure, dear. Even if the power goes back up, we can't stay dependent on these machines forever.\nIt's the right thing to do.","Charlie: Do you know where our greedy corporate overlords keep their library?\nThe important one, with information about making pies and such.","You: Not quite yet, but I just found the door to the office's main archive.\nI'm sure there will be some plans or documents there with the library's whereabouts.","Charlie: Good work.\n... Maybe this is the right call after all.","You: You'll never be able to make fun of my parkour hobby after this, kid.","Charlie: Damn it! My body isn't ready for manual labour!\n"]],"chunks":[{"name":"Start","position":[0,0],"layers":["chunks/Start-0.png","chunks/Start-1.png","chunks/Start-2.png","chunks/Start-3.png","chunks/Start-4.png"],"tileset":"tilesheet-interior-modern","outside":false,"storyItems":[["You: This pretty much confirms it.","Charlie: What is it, mom?","You: I'm not even in their main facility yet and there's already so much knowledge just lying around waiting for us!\nI just found a very interesting book.","Charlie: Is it one about pies?","You: No, it's called \"French for Beginners\".\nQuite handy if we ever decide to visit France without the help of a translator bot. Unfortunately also not so handy for surviving outside of France.","Charlie: ... Okay. Keep going and tell me when you find something that's actually interesting."]],"background":""},{"name":"MainHub","position":[960,208],"layers":["chunks/MainHub-0.png","chunks/MainHub-1.png","chunks/MainHub-2.png","chunks/MainHub-3.png","chunks/MainHub-4.png"],"tileset":"tilesheet-interior-modern","outside":false,"storyItems":[["You: Are you still trying to make this pie, dear?","Charlie: No. I just explained to the kids that it's safer to stay inside.","You: Those damn riots.\nI'm starting to think that it's safer with the security bots than out with our fellow neighbours!\nThey should consult this book on Origami I just found. It's supposed to be soothing.","Charlie: I'll tell them when they break down our door to steal the raw apples."],["You: I found a book with a lot of old legends and fairytales inside!","Charlie: At best that would distract us from our hunger for a while, but it's no substitute for food!\nDidn't you want to find some information about this supposed big library full of knowledge?","You: I'm already on my way!"]],"background":""},{"name":"Descent","position":[1920,0],"layers":["chunks/Descent-0.png","chunks/Descent-1.png","chunks/Descent-2.png","chunks/Descent-3.png","chunks/Descent-4.png"],"tileset":"tilesheet-interior-modern","outside":false,"storyItems":[["You: Did you know that our ancestors used to bake bread and cook meat over open fires?","Charlie: That sounds very dangerous.\nBut let me ask you this:\nis there also something about pies in the book?","You: No, sadly not. But I promise you, we'll learn all about pies and more, as soon as I know where they keep the rest of these books!","Charlie: I sure hope so.\n"]],"background":""},{"name":"Exit","position":[3440,-416],"layers":["chunks/Exit-0.png","chunks/Exit-1.png","chunks/Exit-2.png","chunks/Exit-3.png","chunks/Exit-4.png"],"tileset":"tilesheet-interior-modern","outside":false,"storyItems":[[""]],"background":""}]}